,Unnamed: 0,SDSS_ID,z lens,z src,GAMA_ID,RA,DEC,STELLAR_MASS,Z
0,0,SDSSJ0912+0029,0.16399999999999998,0.324,216398.0,138.02213,0.48366000000000003,443799994368.0,0.16419999301433563
1,1,SDSSJ1143−0144,0.106,0.402,136604.0,175.87349,-1.74167,286600003584.0,0.10599999874830246
2,2,SDSSJ1436−0000,0.285,0.805,,,,,
3,3,SDSSJ1451−0239,0.125,0.52,,,,,
