,GAMA_ID,RA,DEC,ZOO_SCORE
79,460463,212.48058,-1.61746,0.13920593407653487
